id,path,label
0,./data/train/brain_coral/n01917289_1783.JPEG,brain_coral
1,./data/train/brain_coral/n01917289_4317.JPEG,brain_coral
2,./data/train/brain_coral/n01917289_765.JPEG,brain_coral
3,./data/train/brain_coral/n01917289_1079.JPEG,brain_coral
4,./data/train/brain_coral/n01917289_2484.JPEG,brain_coral
5,./data/train/brain_coral/n01917289_1082.JPEG,brain_coral
6,./data/train/brain_coral/n01917289_1538.JPEG,brain_coral
7,./data/train/brain_coral/n01917289_4069.JPEG,brain_coral
8,./data/train/brain_coral/n01917289_4021.JPEG,brain_coral
9,./data/train/brain_coral/n01917289_1022.JPEG,brain_coral
10,./data/train/Rhodesian_ridgeback/n02087394_6382.JPEG,Rhodesian_ridgeback
11,./data/train/Rhodesian_ridgeback/n02087394_8852.JPEG,Rhodesian_ridgeback
12,./data/train/Rhodesian_ridgeback/n02087394_12174.JPEG,Rhodesian_ridgeback
13,./data/train/Rhodesian_ridgeback/n02087394_239.JPEG,Rhodesian_ridgeback
14,./data/train/Rhodesian_ridgeback/n02087394_10810.JPEG,Rhodesian_ridgeback
15,./data/train/Rhodesian_ridgeback/n02087394_5664.JPEG,Rhodesian_ridgeback
16,./data/train/Rhodesian_ridgeback/n02087394_21329.JPEG,Rhodesian_ridgeback
17,./data/train/Rhodesian_ridgeback/n02087394_5846.JPEG,Rhodesian_ridgeback
18,./data/train/Rhodesian_ridgeback/n02087394_278.JPEG,Rhodesian_ridgeback
19,./data/train/Rhodesian_ridgeback/n02087394_9675.JPEG,Rhodesian_ridgeback
20,./data/train/magpie/n01582220_6305.JPEG,magpie
21,./data/train/magpie/n01582220_4738.JPEG,magpie
22,./data/train/magpie/n01582220_36701.JPEG,magpie
23,./data/train/magpie/n01582220_9174.JPEG,magpie
24,./data/train/magpie/n01582220_7366.JPEG,magpie
25,./data/train/magpie/n01582220_8930.JPEG,magpie
26,./data/train/magpie/n01582220_5870.JPEG,magpie
27,./data/train/magpie/n01582220_9114.JPEG,magpie
28,./data/train/magpie/n01582220_10712.JPEG,magpie
29,./data/train/magpie/n01582220_6915.JPEG,magpie
30,./data/train/jean/n03594734_42955.JPEG,jean
31,./data/train/jean/n03594734_54417.JPEG,jean
32,./data/train/jean/n03594734_43949.JPEG,jean
33,./data/train/jean/n03594734_6277.JPEG,jean
34,./data/train/jean/n03594734_24159.JPEG,jean
35,./data/train/jean/n03594734_9714.JPEG,jean
36,./data/train/jean/n03594734_32813.JPEG,jean
37,./data/train/jean/n03594734_16188.JPEG,jean
38,./data/train/jean/n03594734_38343.JPEG,jean
39,./data/train/jean/n03594734_4800.JPEG,jean
40,./data/train/goblet/n03443371_3708.JPEG,goblet
41,./data/train/goblet/n03443371_23436.JPEG,goblet
42,./data/train/goblet/n03443371_3723.JPEG,goblet
43,./data/train/goblet/n03443371_3288.JPEG,goblet
44,./data/train/goblet/n03443371_7195.JPEG,goblet
45,./data/train/goblet/n03443371_3571.JPEG,goblet
46,./data/train/goblet/n03443371_268.JPEG,goblet
47,./data/train/goblet/n03443371_14193.JPEG,goblet
48,./data/train/goblet/n03443371_9475.JPEG,goblet
49,./data/train/goblet/n03443371_7918.JPEG,goblet
50,./data/train/knee_pad/n03623198_9535.JPEG,knee_pad
51,./data/train/knee_pad/n03623198_4447.JPEG,knee_pad
52,./data/train/knee_pad/n03623198_14123.JPEG,knee_pad
53,./data/train/knee_pad/n03623198_3552.JPEG,knee_pad
54,./data/train/knee_pad/n03623198_10486.JPEG,knee_pad
55,./data/train/knee_pad/n03623198_1346.JPEG,knee_pad
56,./data/train/knee_pad/n03623198_4415.JPEG,knee_pad
57,./data/train/knee_pad/n03623198_14574.JPEG,knee_pad
58,./data/train/knee_pad/n03623198_7294.JPEG,knee_pad
59,./data/train/knee_pad/n03623198_11556.JPEG,knee_pad
60,./data/train/lion/n02129165_19875.JPEG,lion
61,./data/train/lion/n02129165_16.JPEG,lion
62,./data/train/lion/n02129165_5362.JPEG,lion
63,./data/train/lion/n02129165_12949.JPEG,lion
64,./data/train/lion/n02129165_19953.JPEG,lion
65,./data/train/lion/n02129165_5845.JPEG,lion
66,./data/train/lion/n02129165_1142.JPEG,lion
67,./data/train/lion/n02129165_11278.JPEG,lion
68,./data/train/lion/n02129165_17028.JPEG,lion
69,./data/train/lion/n02129165_19310.JPEG,lion
70,./data/train/comic_book/n06596364_7928.JPEG,comic_book
71,./data/train/comic_book/n06596364_4451.JPEG,comic_book
72,./data/train/comic_book/n06596364_12832.JPEG,comic_book
73,./data/train/comic_book/n06596364_12588.JPEG,comic_book
74,./data/train/comic_book/n06596364_19168.JPEG,comic_book
75,./data/train/comic_book/n06596364_11921.JPEG,comic_book
76,./data/train/comic_book/n06596364_5634.JPEG,comic_book
77,./data/train/comic_book/n06596364_4445.JPEG,comic_book
78,./data/train/comic_book/n06596364_3314.JPEG,comic_book
79,./data/train/comic_book/n06596364_4083.JPEG,comic_book
80,./data/train/dugong/n02074367_11389.JPEG,dugong
81,./data/train/dugong/n02074367_6343.JPEG,dugong
82,./data/train/dugong/n02074367_11823.JPEG,dugong
83,./data/train/dugong/n02074367_15261.JPEG,dugong
84,./data/train/dugong/n02074367_3178.JPEG,dugong
85,./data/train/dugong/n02074367_10112.JPEG,dugong
86,./data/train/dugong/n02074367_21374.JPEG,dugong
87,./data/train/dugong/n02074367_7060.JPEG,dugong
88,./data/train/dugong/n02074367_16898.JPEG,dugong
89,./data/train/dugong/n02074367_2045.JPEG,dugong
90,./data/train/Bouvier_des_Flandres/n02106382_2474.JPEG,Bouvier_des_Flandres
91,./data/train/Bouvier_des_Flandres/n02106382_2705.JPEG,Bouvier_des_Flandres
92,./data/train/Bouvier_des_Flandres/n02106382_4153.JPEG,Bouvier_des_Flandres
93,./data/train/Bouvier_des_Flandres/n02106382_404.JPEG,Bouvier_des_Flandres
94,./data/train/Bouvier_des_Flandres/n02106382_9318.JPEG,Bouvier_des_Flandres
95,./data/train/Bouvier_des_Flandres/n02106382_5429.JPEG,Bouvier_des_Flandres
96,./data/train/Bouvier_des_Flandres/n02106382_8906.JPEG,Bouvier_des_Flandres
97,./data/train/Bouvier_des_Flandres/n02106382_2872.JPEG,Bouvier_des_Flandres
98,./data/train/Bouvier_des_Flandres/n02106382_6290.JPEG,Bouvier_des_Flandres
99,./data/train/Bouvier_des_Flandres/n02106382_6653.JPEG,Bouvier_des_Flandres
100,./data/train/mongoose/n02137549_5043.JPEG,mongoose
101,./data/train/mongoose/n02137549_7436.JPEG,mongoose
102,./data/train/mongoose/n02137549_7552.JPEG,mongoose
103,./data/train/mongoose/n02137549_7641.JPEG,mongoose
104,./data/train/mongoose/n02137549_5694.JPEG,mongoose
105,./data/train/mongoose/n02137549_2872.JPEG,mongoose
106,./data/train/mongoose/n02137549_10713.JPEG,mongoose
107,./data/train/mongoose/n02137549_9314.JPEG,mongoose
108,./data/train/mongoose/n02137549_2769.JPEG,mongoose
109,./data/train/mongoose/n02137549_7891.JPEG,mongoose
110,./data/train/screen/n04152593_18911.JPEG,screen
111,./data/train/screen/n04152593_20281.JPEG,screen
112,./data/train/screen/n04152593_13170.JPEG,screen
113,./data/train/screen/n04152593_70995.JPEG,screen
114,./data/train/screen/n04152593_60736.JPEG,screen
115,./data/train/screen/n04152593_2793.JPEG,screen
116,./data/train/screen/n04152593_29558.JPEG,screen
117,./data/train/screen/n04152593_345.JPEG,screen
118,./data/train/screen/n04152593_36277.JPEG,screen
119,./data/train/screen/n04152593_5333.JPEG,screen
120,./data/train/dishwasher/n03207941_10900.JPEG,dishwasher
121,./data/train/dishwasher/n03207941_7670.JPEG,dishwasher
122,./data/train/dishwasher/n03207941_11123.JPEG,dishwasher
123,./data/train/dishwasher/n03207941_436.JPEG,dishwasher
124,./data/train/dishwasher/n03207941_15169.JPEG,dishwasher
125,./data/train/dishwasher/n03207941_8944.JPEG,dishwasher
126,./data/train/dishwasher/n03207941_12359.JPEG,dishwasher
127,./data/train/dishwasher/n03207941_7160.JPEG,dishwasher
128,./data/train/dishwasher/n03207941_20047.JPEG,dishwasher
129,./data/train/dishwasher/n03207941_13200.JPEG,dishwasher
130,./data/train/carousel/n02966193_41665.JPEG,carousel
131,./data/train/carousel/n02966193_27604.JPEG,carousel
132,./data/train/carousel/n02966193_17155.JPEG,carousel
133,./data/train/carousel/n02966193_25350.JPEG,carousel
134,./data/train/carousel/n02966193_14630.JPEG,carousel
135,./data/train/carousel/n02966193_7683.JPEG,carousel
136,./data/train/carousel/n02966193_38636.JPEG,carousel
137,./data/train/carousel/n02966193_575.JPEG,carousel
138,./data/train/carousel/n02966193_41621.JPEG,carousel
139,./data/train/carousel/n02966193_3789.JPEG,carousel
140,./data/train/cliff_dwelling/n03042490_6749.JPEG,cliff_dwelling
141,./data/train/cliff_dwelling/n03042490_8178.JPEG,cliff_dwelling
142,./data/train/cliff_dwelling/n03042490_4124.JPEG,cliff_dwelling
143,./data/train/cliff_dwelling/n03042490_2061.JPEG,cliff_dwelling
144,./data/train/cliff_dwelling/n03042490_1526.JPEG,cliff_dwelling
145,./data/train/cliff_dwelling/n03042490_2390.JPEG,cliff_dwelling
146,./data/train/cliff_dwelling/n03042490_10143.JPEG,cliff_dwelling
147,./data/train/cliff_dwelling/n03042490_2171.JPEG,cliff_dwelling
148,./data/train/cliff_dwelling/n03042490_4084.JPEG,cliff_dwelling
149,./data/train/cliff_dwelling/n03042490_10980.JPEG,cliff_dwelling
150,./data/train/cocktail_shaker/n03062245_3194.JPEG,cocktail_shaker
151,./data/train/cocktail_shaker/n03062245_4550.JPEG,cocktail_shaker
152,./data/train/cocktail_shaker/n03062245_7972.JPEG,cocktail_shaker
153,./data/train/cocktail_shaker/n03062245_1019.JPEG,cocktail_shaker
154,./data/train/cocktail_shaker/n03062245_1186.JPEG,cocktail_shaker
155,./data/train/cocktail_shaker/n03062245_12368.JPEG,cocktail_shaker
156,./data/train/cocktail_shaker/n03062245_528.JPEG,cocktail_shaker
157,./data/train/cocktail_shaker/n03062245_15980.JPEG,cocktail_shaker
158,./data/train/cocktail_shaker/n03062245_1498.JPEG,cocktail_shaker
159,./data/train/cocktail_shaker/n03062245_2941.JPEG,cocktail_shaker
160,./data/train/minibus/n03769881_4205.JPEG,minibus
161,./data/train/minibus/n03769881_3883.JPEG,minibus
162,./data/train/minibus/n03769881_1043.JPEG,minibus
163,./data/train/minibus/n03769881_8573.JPEG,minibus
164,./data/train/minibus/n03769881_2483.JPEG,minibus
165,./data/train/minibus/n03769881_5168.JPEG,minibus
166,./data/train/minibus/n03769881_59.JPEG,minibus
167,./data/train/minibus/n03769881_10813.JPEG,minibus
168,./data/train/minibus/n03769881_8116.JPEG,minibus
169,./data/train/minibus/n03769881_619.JPEG,minibus
170,./data/train/toilet_seat/n04447861_9201.JPEG,toilet_seat
171,./data/train/toilet_seat/n04447861_11758.JPEG,toilet_seat
172,./data/train/toilet_seat/n04447861_1884.JPEG,toilet_seat
173,./data/train/toilet_seat/n04447861_1510.JPEG,toilet_seat
174,./data/train/toilet_seat/n04447861_6480.JPEG,toilet_seat
175,./data/train/toilet_seat/n04447861_18243.JPEG,toilet_seat
176,./data/train/toilet_seat/n04447861_454.JPEG,toilet_seat
177,./data/train/toilet_seat/n04447861_6808.JPEG,toilet_seat
178,./data/train/toilet_seat/n04447861_18719.JPEG,toilet_seat
179,./data/train/toilet_seat/n04447861_1614.JPEG,toilet_seat
180,./data/train/china_cabinet/n03018349_2404.JPEG,china_cabinet
181,./data/train/china_cabinet/n03018349_5674.JPEG,china_cabinet
182,./data/train/china_cabinet/n03018349_2119.JPEG,china_cabinet
183,./data/train/china_cabinet/n03018349_1038.JPEG,china_cabinet
184,./data/train/china_cabinet/n03018349_2665.JPEG,china_cabinet
185,./data/train/china_cabinet/n03018349_361.JPEG,china_cabinet
186,./data/train/china_cabinet/n03018349_20592.JPEG,china_cabinet
187,./data/train/china_cabinet/n03018349_2126.JPEG,china_cabinet
188,./data/train/china_cabinet/n03018349_4049.JPEG,china_cabinet
189,./data/train/china_cabinet/n03018349_13788.JPEG,china_cabinet
190,./data/train/standard_poodle/n02113799_1666.JPEG,standard_poodle
191,./data/train/standard_poodle/n02113799_1399.JPEG,standard_poodle
192,./data/train/standard_poodle/n02113799_6784.JPEG,standard_poodle
193,./data/train/standard_poodle/n02113799_7970.JPEG,standard_poodle
194,./data/train/standard_poodle/n02113799_15958.JPEG,standard_poodle
195,./data/train/standard_poodle/n02113799_9150.JPEG,standard_poodle
196,./data/train/standard_poodle/n02113799_9692.JPEG,standard_poodle
197,./data/train/standard_poodle/n02113799_671.JPEG,standard_poodle
198,./data/train/standard_poodle/n02113799_902.JPEG,standard_poodle
199,./data/train/standard_poodle/n02113799_3304.JPEG,standard_poodle
200,./data/train/ruffed_grouse/n01797886_5207.JPEG,ruffed_grouse
201,./data/train/ruffed_grouse/n01797886_10810.JPEG,ruffed_grouse
202,./data/train/ruffed_grouse/n01797886_17531.JPEG,ruffed_grouse
203,./data/train/ruffed_grouse/n01797886_6758.JPEG,ruffed_grouse
204,./data/train/ruffed_grouse/n01797886_17360.JPEG,ruffed_grouse
205,./data/train/ruffed_grouse/n01797886_6856.JPEG,ruffed_grouse
206,./data/train/ruffed_grouse/n01797886_13048.JPEG,ruffed_grouse
207,./data/train/ruffed_grouse/n01797886_20346.JPEG,ruffed_grouse
208,./data/train/ruffed_grouse/n01797886_55.JPEG,ruffed_grouse
209,./data/train/ruffed_grouse/n01797886_13537.JPEG,ruffed_grouse
210,./data/train/bannister/n02788148_94636.JPEG,bannister
211,./data/train/bannister/n02788148_10587.JPEG,bannister
212,./data/train/bannister/n02788148_64657.JPEG,bannister
213,./data/train/bannister/n02788148_607.JPEG,bannister
214,./data/train/bannister/n02788148_39278.JPEG,bannister
215,./data/train/bannister/n02788148_88795.JPEG,bannister
216,./data/train/bannister/n02788148_39611.JPEG,bannister
217,./data/train/bannister/n02788148_44881.JPEG,bannister
218,./data/train/bannister/n02788148_78830.JPEG,bannister
219,./data/train/bannister/n02788148_82451.JPEG,bannister
220,./data/train/Airedale/n02096051_8169.JPEG,Airedale
221,./data/train/Airedale/n02096051_5976.JPEG,Airedale
222,./data/train/Airedale/n02096051_8871.JPEG,Airedale
223,./data/train/Airedale/n02096051_7156.JPEG,Airedale
224,./data/train/Airedale/n02096051_4548.JPEG,Airedale
225,./data/train/Airedale/n02096051_2045.JPEG,Airedale
226,./data/train/Airedale/n02096051_1537.JPEG,Airedale
227,./data/train/Airedale/n02096051_910.JPEG,Airedale
228,./data/train/Airedale/n02096051_5821.JPEG,Airedale
229,./data/train/Airedale/n02096051_2773.JPEG,Airedale
230,./data/train/parachute/n03888257_31784.JPEG,parachute
231,./data/train/parachute/n03888257_9066.JPEG,parachute
232,./data/train/parachute/n03888257_52194.JPEG,parachute
233,./data/train/parachute/n03888257_4738.JPEG,parachute
234,./data/train/parachute/n03888257_13175.JPEG,parachute
235,./data/train/parachute/n03888257_19451.JPEG,parachute
236,./data/train/parachute/n03888257_63966.JPEG,parachute
237,./data/train/parachute/n03888257_22330.JPEG,parachute
238,./data/train/parachute/n03888257_25150.JPEG,parachute
239,./data/train/parachute/n03888257_2007.JPEG,parachute
240,./data/train/grocery_store/n03461385_76359.JPEG,grocery_store
241,./data/train/grocery_store/n03461385_49979.JPEG,grocery_store
242,./data/train/grocery_store/n03461385_107307.JPEG,grocery_store
243,./data/train/grocery_store/n03461385_11704.JPEG,grocery_store
244,./data/train/grocery_store/n03461385_3638.JPEG,grocery_store
245,./data/train/grocery_store/n03461385_72736.JPEG,grocery_store
246,./data/train/grocery_store/n03461385_9780.JPEG,grocery_store
247,./data/train/grocery_store/n03461385_16123.JPEG,grocery_store
248,./data/train/grocery_store/n03461385_71484.JPEG,grocery_store
249,./data/train/grocery_store/n03461385_31572.JPEG,grocery_store
250,./data/train/ambulance/n02701002_3315.JPEG,ambulance
251,./data/train/ambulance/n02701002_1264.JPEG,ambulance
252,./data/train/ambulance/n02701002_18950.JPEG,ambulance
253,./data/train/ambulance/n02701002_4047.JPEG,ambulance
254,./data/train/ambulance/n02701002_15786.JPEG,ambulance
255,./data/train/ambulance/n02701002_21621.JPEG,ambulance
256,./data/train/ambulance/n02701002_773.JPEG,ambulance
257,./data/train/ambulance/n02701002_11033.JPEG,ambulance
258,./data/train/ambulance/n02701002_2937.JPEG,ambulance
259,./data/train/ambulance/n02701002_17491.JPEG,ambulance
260,./data/train/chain_mail/n03000247_39409.JPEG,chain_mail
261,./data/train/chain_mail/n03000247_39575.JPEG,chain_mail
262,./data/train/chain_mail/n03000247_15536.JPEG,chain_mail
263,./data/train/chain_mail/n03000247_2521.JPEG,chain_mail
264,./data/train/chain_mail/n03000247_2356.JPEG,chain_mail
265,./data/train/chain_mail/n03000247_13057.JPEG,chain_mail
266,./data/train/chain_mail/n03000247_25442.JPEG,chain_mail
267,./data/train/chain_mail/n03000247_24733.JPEG,chain_mail
268,./data/train/chain_mail/n03000247_52398.JPEG,chain_mail
269,./data/train/chain_mail/n03000247_25999.JPEG,chain_mail
270,./data/train/lynx/n02127052_7004.JPEG,lynx
271,./data/train/lynx/n02127052_3830.JPEG,lynx
272,./data/train/lynx/n02127052_19993.JPEG,lynx
273,./data/train/lynx/n02127052_2768.JPEG,lynx
274,./data/train/lynx/n02127052_206.JPEG,lynx
275,./data/train/lynx/n02127052_9325.JPEG,lynx
276,./data/train/lynx/n02127052_433.JPEG,lynx
277,./data/train/lynx/n02127052_7657.JPEG,lynx
278,./data/train/lynx/n02127052_2874.JPEG,lynx
279,./data/train/lynx/n02127052_1944.JPEG,lynx
280,./data/train/scabbard/n04141327_1706.JPEG,scabbard
281,./data/train/scabbard/n04141327_7579.JPEG,scabbard
282,./data/train/scabbard/n04141327_5280.JPEG,scabbard
283,./data/train/scabbard/n04141327_15760.JPEG,scabbard
284,./data/train/scabbard/n04141327_3742.JPEG,scabbard
285,./data/train/scabbard/n04141327_2293.JPEG,scabbard
286,./data/train/scabbard/n04141327_736.JPEG,scabbard
287,./data/train/scabbard/n04141327_7195.JPEG,scabbard
288,./data/train/scabbard/n04141327_8694.JPEG,scabbard
289,./data/train/scabbard/n04141327_205.JPEG,scabbard
290,./data/train/steel_arch_bridge/n04311004_2061.JPEG,steel_arch_bridge
291,./data/train/steel_arch_bridge/n04311004_3754.JPEG,steel_arch_bridge
292,./data/train/steel_arch_bridge/n04311004_5455.JPEG,steel_arch_bridge
293,./data/train/steel_arch_bridge/n04311004_1657.JPEG,steel_arch_bridge
294,./data/train/steel_arch_bridge/n04311004_5405.JPEG,steel_arch_bridge
295,./data/train/steel_arch_bridge/n04311004_852.JPEG,steel_arch_bridge
296,./data/train/steel_arch_bridge/n04311004_39.JPEG,steel_arch_bridge
297,./data/train/steel_arch_bridge/n04311004_1649.JPEG,steel_arch_bridge
298,./data/train/steel_arch_bridge/n04311004_1868.JPEG,steel_arch_bridge
299,./data/train/steel_arch_bridge/n04311004_2606.JPEG,steel_arch_bridge
300,./data/train/can_opener/n02951585_24554.JPEG,can_opener
301,./data/train/can_opener/n02951585_8886.JPEG,can_opener
302,./data/train/can_opener/n02951585_21861.JPEG,can_opener
303,./data/train/can_opener/n02951585_2273.JPEG,can_opener
304,./data/train/can_opener/n02951585_2656.JPEG,can_opener
305,./data/train/can_opener/n02951585_24077.JPEG,can_opener
306,./data/train/can_opener/n02951585_32431.JPEG,can_opener
307,./data/train/can_opener/n02951585_11577.JPEG,can_opener
308,./data/train/can_opener/n02951585_20022.JPEG,can_opener
309,./data/train/can_opener/n02951585_26678.JPEG,can_opener
310,./data/train/harmonica/n03494278_32453.JPEG,harmonica
311,./data/train/harmonica/n03494278_29999.JPEG,harmonica
312,./data/train/harmonica/n03494278_28699.JPEG,harmonica
313,./data/train/harmonica/n03494278_36127.JPEG,harmonica
314,./data/train/harmonica/n03494278_30921.JPEG,harmonica
315,./data/train/harmonica/n03494278_44048.JPEG,harmonica
316,./data/train/harmonica/n03494278_40195.JPEG,harmonica
317,./data/train/harmonica/n03494278_38208.JPEG,harmonica
318,./data/train/harmonica/n03494278_22412.JPEG,harmonica
319,./data/train/harmonica/n03494278_1217.JPEG,harmonica
320,./data/train/pizza/n07873807_3782.JPEG,pizza
321,./data/train/pizza/n07873807_8160.JPEG,pizza
322,./data/train/pizza/n07873807_11460.JPEG,pizza
323,./data/train/pizza/n07873807_10533.JPEG,pizza
324,./data/train/pizza/n07873807_16319.JPEG,pizza
325,./data/train/pizza/n07873807_18099.JPEG,pizza
326,./data/train/pizza/n07873807_17663.JPEG,pizza
327,./data/train/pizza/n07873807_17467.JPEG,pizza
328,./data/train/pizza/n07873807_14045.JPEG,pizza
329,./data/train/pizza/n07873807_13842.JPEG,pizza
330,./data/train/junco/n01534433_28407.JPEG,junco
331,./data/train/junco/n01534433_8422.JPEG,junco
332,./data/train/junco/n01534433_20889.JPEG,junco
333,./data/train/junco/n01534433_7360.JPEG,junco
334,./data/train/junco/n01534433_14639.JPEG,junco
335,./data/train/junco/n01534433_2419.JPEG,junco
336,./data/train/junco/n01534433_15198.JPEG,junco
337,./data/train/junco/n01534433_10643.JPEG,junco
338,./data/train/junco/n01534433_8763.JPEG,junco
339,./data/train/junco/n01534433_1645.JPEG,junco
340,./data/train/oxcart/n03868242_6801.JPEG,oxcart
341,./data/train/oxcart/n03868242_3999.JPEG,oxcart
342,./data/train/oxcart/n03868242_12798.JPEG,oxcart
343,./data/train/oxcart/n03868242_5356.JPEG,oxcart
344,./data/train/oxcart/n03868242_7773.JPEG,oxcart
345,./data/train/oxcart/n03868242_8299.JPEG,oxcart
346,./data/train/oxcart/n03868242_5332.JPEG,oxcart
347,./data/train/oxcart/n03868242_2434.JPEG,oxcart
348,./data/train/oxcart/n03868242_2688.JPEG,oxcart
349,./data/train/oxcart/n03868242_10994.JPEG,oxcart
350,./data/train/vine_snake/n01739381_6957.JPEG,vine_snake
351,./data/train/vine_snake/n01739381_5304.JPEG,vine_snake
352,./data/train/vine_snake/n01739381_8415.JPEG,vine_snake
353,./data/train/vine_snake/n01739381_5091.JPEG,vine_snake
354,./data/train/vine_snake/n01739381_5377.JPEG,vine_snake
355,./data/train/vine_snake/n01739381_8940.JPEG,vine_snake
356,./data/train/vine_snake/n01739381_4075.JPEG,vine_snake
357,./data/train/vine_snake/n01739381_5245.JPEG,vine_snake
358,./data/train/vine_snake/n01739381_5263.JPEG,vine_snake
359,./data/train/vine_snake/n01739381_8285.JPEG,vine_snake
360,./data/train/orange/n07747607_18447.JPEG,orange
361,./data/train/orange/n07747607_8647.JPEG,orange
362,./data/train/orange/n07747607_3088.JPEG,orange
363,./data/train/orange/n07747607_10110.JPEG,orange
364,./data/train/orange/n07747607_41539.JPEG,orange
365,./data/train/orange/n07747607_11140.JPEG,orange
366,./data/train/orange/n07747607_11283.JPEG,orange
367,./data/train/orange/n07747607_67457.JPEG,orange
368,./data/train/orange/n07747607_24556.JPEG,orange
369,./data/train/orange/n07747607_2102.JPEG,orange
370,./data/train/tub/n04493381_11325.JPEG,tub
371,./data/train/tub/n04493381_3606.JPEG,tub
372,./data/train/tub/n04493381_2512.JPEG,tub
373,./data/train/tub/n04493381_4746.JPEG,tub
374,./data/train/tub/n04493381_20052.JPEG,tub
375,./data/train/tub/n04493381_42891.JPEG,tub
376,./data/train/tub/n04493381_75991.JPEG,tub
377,./data/train/tub/n04493381_14968.JPEG,tub
378,./data/train/tub/n04493381_14741.JPEG,tub
379,./data/train/tub/n04493381_294.JPEG,tub
380,./data/train/black_widow/n01774384_11467.JPEG,black_widow
381,./data/train/black_widow/n01774384_20649.JPEG,black_widow
382,./data/train/black_widow/n01774384_1624.JPEG,black_widow
383,./data/train/black_widow/n01774384_103.JPEG,black_widow
384,./data/train/black_widow/n01774384_816.JPEG,black_widow
385,./data/train/black_widow/n01774384_14123.JPEG,black_widow
386,./data/train/black_widow/n01774384_15360.JPEG,black_widow
387,./data/train/black_widow/n01774384_15871.JPEG,black_widow
388,./data/train/black_widow/n01774384_6247.JPEG,black_widow
389,./data/train/black_widow/n01774384_14555.JPEG,black_widow
390,./data/train/holster/n03527444_11096.JPEG,holster
391,./data/train/holster/n03527444_20303.JPEG,holster
392,./data/train/holster/n03527444_8155.JPEG,holster
393,./data/train/holster/n03527444_11055.JPEG,holster
394,./data/train/holster/n03527444_693.JPEG,holster
395,./data/train/holster/n03527444_18529.JPEG,holster
396,./data/train/holster/n03527444_26895.JPEG,holster
397,./data/train/holster/n03527444_1273.JPEG,holster
398,./data/train/holster/n03527444_4695.JPEG,holster
399,./data/train/holster/n03527444_1270.JPEG,holster
400,./data/train/guillotine/n03467068_11806.JPEG,guillotine
401,./data/train/guillotine/n03467068_7645.JPEG,guillotine
402,./data/train/guillotine/n03467068_12566.JPEG,guillotine
403,./data/train/guillotine/n03467068_27478.JPEG,guillotine
404,./data/train/guillotine/n03467068_8369.JPEG,guillotine
405,./data/train/guillotine/n03467068_8323.JPEG,guillotine
406,./data/train/guillotine/n03467068_27538.JPEG,guillotine
407,./data/train/guillotine/n03467068_11567.JPEG,guillotine
408,./data/train/guillotine/n03467068_9387.JPEG,guillotine
409,./data/train/guillotine/n03467068_6095.JPEG,guillotine
410,./data/train/capuchin/n02492035_6519.JPEG,capuchin
411,./data/train/capuchin/n02492035_6886.JPEG,capuchin
412,./data/train/capuchin/n02492035_3368.JPEG,capuchin
413,./data/train/capuchin/n02492035_2004.JPEG,capuchin
414,./data/train/capuchin/n02492035_16730.JPEG,capuchin
415,./data/train/capuchin/n02492035_1540.JPEG,capuchin
416,./data/train/capuchin/n02492035_9238.JPEG,capuchin
417,./data/train/capuchin/n02492035_16843.JPEG,capuchin
418,./data/train/capuchin/n02492035_4327.JPEG,capuchin
419,./data/train/capuchin/n02492035_12948.JPEG,capuchin
420,./data/train/theater_curtain/n04418357_2763.JPEG,theater_curtain
421,./data/train/theater_curtain/n04418357_3797.JPEG,theater_curtain
422,./data/train/theater_curtain/n04418357_10216.JPEG,theater_curtain
423,./data/train/theater_curtain/n04418357_2340.JPEG,theater_curtain
424,./data/train/theater_curtain/n04418357_15897.JPEG,theater_curtain
425,./data/train/theater_curtain/n04418357_13381.JPEG,theater_curtain
426,./data/train/theater_curtain/n04418357_7252.JPEG,theater_curtain
427,./data/train/theater_curtain/n04418357_5013.JPEG,theater_curtain
428,./data/train/theater_curtain/n04418357_5669.JPEG,theater_curtain
429,./data/train/theater_curtain/n04418357_27939.JPEG,theater_curtain
430,./data/train/castle/n02980441_4309.JPEG,castle
431,./data/train/castle/n02980441_2252.JPEG,castle
432,./data/train/castle/n02980441_2971.JPEG,castle
433,./data/train/castle/n02980441_2391.JPEG,castle
434,./data/train/castle/n02980441_16692.JPEG,castle
435,./data/train/castle/n02980441_5253.JPEG,castle
436,./data/train/castle/n02980441_1399.JPEG,castle
437,./data/train/castle/n02980441_11635.JPEG,castle
438,./data/train/castle/n02980441_9457.JPEG,castle
439,./data/train/castle/n02980441_37573.JPEG,castle
440,./data/train/yawl/n04612504_15562.JPEG,yawl
441,./data/train/yawl/n04612504_8235.JPEG,yawl
442,./data/train/yawl/n04612504_34550.JPEG,yawl
443,./data/train/yawl/n04612504_2395.JPEG,yawl
444,./data/train/yawl/n04612504_186.JPEG,yawl
445,./data/train/yawl/n04612504_7540.JPEG,yawl
446,./data/train/yawl/n04612504_8245.JPEG,yawl
447,./data/train/yawl/n04612504_10666.JPEG,yawl
448,./data/train/yawl/n04612504_8870.JPEG,yawl
449,./data/train/yawl/n04612504_27200.JPEG,yawl
450,./data/train/toyshop/n04462240_3125.JPEG,toyshop
451,./data/train/toyshop/n04462240_10500.JPEG,toyshop
452,./data/train/toyshop/n04462240_11243.JPEG,toyshop
453,./data/train/toyshop/n04462240_9345.JPEG,toyshop
454,./data/train/toyshop/n04462240_7857.JPEG,toyshop
455,./data/train/toyshop/n04462240_19758.JPEG,toyshop
456,./data/train/toyshop/n04462240_10881.JPEG,toyshop
457,./data/train/toyshop/n04462240_9378.JPEG,toyshop
458,./data/train/toyshop/n04462240_10035.JPEG,toyshop
459,./data/train/toyshop/n04462240_20602.JPEG,toyshop
460,./data/train/meat_loaf/n07871810_6975.JPEG,meat_loaf
461,./data/train/meat_loaf/n07871810_16025.JPEG,meat_loaf
462,./data/train/meat_loaf/n07871810_14754.JPEG,meat_loaf
463,./data/train/meat_loaf/n07871810_13375.JPEG,meat_loaf
464,./data/train/meat_loaf/n07871810_4095.JPEG,meat_loaf
465,./data/train/meat_loaf/n07871810_2072.JPEG,meat_loaf
466,./data/train/meat_loaf/n07871810_26759.JPEG,meat_loaf
467,./data/train/meat_loaf/n07871810_14521.JPEG,meat_loaf
468,./data/train/meat_loaf/n07871810_3404.JPEG,meat_loaf
469,./data/train/meat_loaf/n07871810_5636.JPEG,meat_loaf
470,./data/train/cornet/n03110669_113223.JPEG,cornet
471,./data/train/cornet/n03110669_96496.JPEG,cornet
472,./data/train/cornet/n03110669_96993.JPEG,cornet
473,./data/train/cornet/n03110669_109985.JPEG,cornet
474,./data/train/cornet/n03110669_116887.JPEG,cornet
475,./data/train/cornet/n03110669_14570.JPEG,cornet
476,./data/train/cornet/n03110669_95746.JPEG,cornet
477,./data/train/cornet/n03110669_90417.JPEG,cornet
478,./data/train/cornet/n03110669_90221.JPEG,cornet
479,./data/train/cornet/n03110669_26855.JPEG,cornet
480,./data/train/American_egret/n02009912_16896.JPEG,American_egret
481,./data/train/American_egret/n02009912_13895.JPEG,American_egret
482,./data/train/American_egret/n02009912_7609.JPEG,American_egret
483,./data/train/American_egret/n02009912_1358.JPEG,American_egret
484,./data/train/American_egret/n02009912_36395.JPEG,American_egret
485,./data/train/American_egret/n02009912_4403.JPEG,American_egret
486,./data/train/American_egret/n02009912_5700.JPEG,American_egret
487,./data/train/American_egret/n02009912_8563.JPEG,American_egret
488,./data/train/American_egret/n02009912_15872.JPEG,American_egret
489,./data/train/American_egret/n02009912_26245.JPEG,American_egret
490,./data/train/basketball/n02802426_8222.JPEG,basketball
491,./data/train/basketball/n02802426_3881.JPEG,basketball
492,./data/train/basketball/n02802426_12191.JPEG,basketball
493,./data/train/basketball/n02802426_12782.JPEG,basketball
494,./data/train/basketball/n02802426_10137.JPEG,basketball
495,./data/train/basketball/n02802426_9952.JPEG,basketball
496,./data/train/basketball/n02802426_26718.JPEG,basketball
497,./data/train/basketball/n02802426_7726.JPEG,basketball
498,./data/train/basketball/n02802426_24958.JPEG,basketball
499,./data/train/basketball/n02802426_7656.JPEG,basketball
500,./data/train/Doberman/n02107142_49242.JPEG,Doberman
501,./data/train/Doberman/n02107142_47697.JPEG,Doberman
502,./data/train/Doberman/n02107142_24759.JPEG,Doberman
503,./data/train/Doberman/n02107142_1596.JPEG,Doberman
504,./data/train/Doberman/n02107142_3654.JPEG,Doberman
505,./data/train/Doberman/n02107142_14933.JPEG,Doberman
506,./data/train/Doberman/n02107142_4753.JPEG,Doberman
507,./data/train/Doberman/n02107142_32921.JPEG,Doberman
508,./data/train/Doberman/n02107142_3428.JPEG,Doberman
509,./data/train/Doberman/n02107142_10381.JPEG,Doberman
510,./data/train/barn_spider/n01773549_5064.JPEG,barn_spider
511,./data/train/barn_spider/n01773549_701.JPEG,barn_spider
512,./data/train/barn_spider/n01773549_6669.JPEG,barn_spider
513,./data/train/barn_spider/n01773549_711.JPEG,barn_spider
514,./data/train/barn_spider/n01773549_2675.JPEG,barn_spider
515,./data/train/barn_spider/n01773549_2680.JPEG,barn_spider
516,./data/train/barn_spider/n01773549_7649.JPEG,barn_spider
517,./data/train/barn_spider/n01773549_6399.JPEG,barn_spider
518,./data/train/barn_spider/n01773549_4242.JPEG,barn_spider
519,./data/train/barn_spider/n01773549_10106.JPEG,barn_spider
520,./data/train/ski_mask/n04229816_6821.JPEG,ski_mask
521,./data/train/ski_mask/n04229816_2711.JPEG,ski_mask
522,./data/train/ski_mask/n04229816_10284.JPEG,ski_mask
523,./data/train/ski_mask/n04229816_651.JPEG,ski_mask
524,./data/train/ski_mask/n04229816_1455.JPEG,ski_mask
525,./data/train/ski_mask/n04229816_10630.JPEG,ski_mask
526,./data/train/ski_mask/n04229816_1710.JPEG,ski_mask
527,./data/train/ski_mask/n04229816_2060.JPEG,ski_mask
528,./data/train/ski_mask/n04229816_2536.JPEG,ski_mask
529,./data/train/ski_mask/n04229816_15865.JPEG,ski_mask
530,./data/train/wombat/n01883070_4202.JPEG,wombat
531,./data/train/wombat/n01883070_3170.JPEG,wombat
532,./data/train/wombat/n01883070_1689.JPEG,wombat
533,./data/train/wombat/n01883070_1013.JPEG,wombat
534,./data/train/wombat/n01883070_809.JPEG,wombat
535,./data/train/wombat/n01883070_2167.JPEG,wombat
536,./data/train/wombat/n01883070_7363.JPEG,wombat
537,./data/train/wombat/n01883070_7142.JPEG,wombat
538,./data/train/wombat/n01883070_7273.JPEG,wombat
539,./data/train/wombat/n01883070_26704.JPEG,wombat
540,./data/train/bullet_train/n02917067_1400.JPEG,bullet_train
541,./data/train/bullet_train/n02917067_5222.JPEG,bullet_train
542,./data/train/bullet_train/n02917067_12752.JPEG,bullet_train
543,./data/train/bullet_train/n02917067_7539.JPEG,bullet_train
544,./data/train/bullet_train/n02917067_3151.JPEG,bullet_train
545,./data/train/bullet_train/n02917067_18140.JPEG,bullet_train
546,./data/train/bullet_train/n02917067_18877.JPEG,bullet_train
547,./data/train/bullet_train/n02917067_13196.JPEG,bullet_train
548,./data/train/bullet_train/n02917067_4363.JPEG,bullet_train
549,./data/train/bullet_train/n02917067_12974.JPEG,bullet_train
550,./data/train/combination_lock/n03075370_692.JPEG,combination_lock
551,./data/train/combination_lock/n03075370_8983.JPEG,combination_lock
552,./data/train/combination_lock/n03075370_10043.JPEG,combination_lock
553,./data/train/combination_lock/n03075370_17182.JPEG,combination_lock
554,./data/train/combination_lock/n03075370_4191.JPEG,combination_lock
555,./data/train/combination_lock/n03075370_2458.JPEG,combination_lock
556,./data/train/combination_lock/n03075370_10465.JPEG,combination_lock
557,./data/train/combination_lock/n03075370_2495.JPEG,combination_lock
558,./data/train/combination_lock/n03075370_9291.JPEG,combination_lock
559,./data/train/combination_lock/n03075370_5574.JPEG,combination_lock
560,./data/train/hen-of-the-woods/n13052670_908.JPEG,hen-of-the-woods
561,./data/train/hen-of-the-woods/n13052670_10745.JPEG,hen-of-the-woods
562,./data/train/hen-of-the-woods/n13052670_9006.JPEG,hen-of-the-woods
563,./data/train/hen-of-the-woods/n13052670_10016.JPEG,hen-of-the-woods
564,./data/train/hen-of-the-woods/n13052670_3174.JPEG,hen-of-the-woods
565,./data/train/hen-of-the-woods/n13052670_2293.JPEG,hen-of-the-woods
566,./data/train/hen-of-the-woods/n13052670_7351.JPEG,hen-of-the-woods
567,./data/train/hen-of-the-woods/n13052670_4393.JPEG,hen-of-the-woods
568,./data/train/hen-of-the-woods/n13052670_11022.JPEG,hen-of-the-woods
569,./data/train/hen-of-the-woods/n13052670_7510.JPEG,hen-of-the-woods
570,./data/train/Lakeland_terrier/n02095570_2569.JPEG,Lakeland_terrier
571,./data/train/Lakeland_terrier/n02095570_12040.JPEG,Lakeland_terrier
572,./data/train/Lakeland_terrier/n02095570_5456.JPEG,Lakeland_terrier
573,./data/train/Lakeland_terrier/n02095570_4.JPEG,Lakeland_terrier
574,./data/train/Lakeland_terrier/n02095570_1055.JPEG,Lakeland_terrier
575,./data/train/Lakeland_terrier/n02095570_1026.JPEG,Lakeland_terrier
576,./data/train/Lakeland_terrier/n02095570_2664.JPEG,Lakeland_terrier
577,./data/train/Lakeland_terrier/n02095570_866.JPEG,Lakeland_terrier
578,./data/train/Lakeland_terrier/n02095570_5689.JPEG,Lakeland_terrier
579,./data/train/Lakeland_terrier/n02095570_11204.JPEG,Lakeland_terrier
580,./data/train/steam_locomotive/n04310018_3057.JPEG,steam_locomotive
581,./data/train/steam_locomotive/n04310018_10624.JPEG,steam_locomotive
582,./data/train/steam_locomotive/n04310018_21399.JPEG,steam_locomotive
583,./data/train/steam_locomotive/n04310018_11226.JPEG,steam_locomotive
584,./data/train/steam_locomotive/n04310018_1057.JPEG,steam_locomotive
585,./data/train/steam_locomotive/n04310018_10497.JPEG,steam_locomotive
586,./data/train/steam_locomotive/n04310018_18259.JPEG,steam_locomotive
587,./data/train/steam_locomotive/n04310018_9654.JPEG,steam_locomotive
588,./data/train/steam_locomotive/n04310018_5560.JPEG,steam_locomotive
589,./data/train/steam_locomotive/n04310018_2977.JPEG,steam_locomotive
590,./data/train/malamute/n02110063_6369.JPEG,malamute
591,./data/train/malamute/n02110063_1894.JPEG,malamute
592,./data/train/malamute/n02110063_13179.JPEG,malamute
593,./data/train/malamute/n02110063_1643.JPEG,malamute
594,./data/train/malamute/n02110063_12768.JPEG,malamute
595,./data/train/malamute/n02110063_10718.JPEG,malamute
596,./data/train/malamute/n02110063_5791.JPEG,malamute
597,./data/train/malamute/n02110063_15025.JPEG,malamute
598,./data/train/malamute/n02110063_16693.JPEG,malamute
599,./data/train/malamute/n02110063_13791.JPEG,malamute
600,./data/train/apiary/n02727426_39745.JPEG,apiary
601,./data/train/apiary/n02727426_40972.JPEG,apiary
602,./data/train/apiary/n02727426_7944.JPEG,apiary
603,./data/train/apiary/n02727426_19218.JPEG,apiary
604,./data/train/apiary/n02727426_25725.JPEG,apiary
605,./data/train/apiary/n02727426_14658.JPEG,apiary
606,./data/train/apiary/n02727426_25274.JPEG,apiary
607,./data/train/apiary/n02727426_39714.JPEG,apiary
608,./data/train/apiary/n02727426_948.JPEG,apiary
609,./data/train/apiary/n02727426_23991.JPEG,apiary
610,./data/train/soft-coated_wheaten_terrier/n02098105_2694.JPEG,soft-coated_wheaten_terrier
611,./data/train/soft-coated_wheaten_terrier/n02098105_6619.JPEG,soft-coated_wheaten_terrier
612,./data/train/soft-coated_wheaten_terrier/n02098105_400.JPEG,soft-coated_wheaten_terrier
613,./data/train/soft-coated_wheaten_terrier/n02098105_7399.JPEG,soft-coated_wheaten_terrier
614,./data/train/soft-coated_wheaten_terrier/n02098105_3817.JPEG,soft-coated_wheaten_terrier
615,./data/train/soft-coated_wheaten_terrier/n02098105_2738.JPEG,soft-coated_wheaten_terrier
616,./data/train/soft-coated_wheaten_terrier/n02098105_7735.JPEG,soft-coated_wheaten_terrier
617,./data/train/soft-coated_wheaten_terrier/n02098105_82.JPEG,soft-coated_wheaten_terrier
618,./data/train/soft-coated_wheaten_terrier/n02098105_4186.JPEG,soft-coated_wheaten_terrier
619,./data/train/soft-coated_wheaten_terrier/n02098105_1298.JPEG,soft-coated_wheaten_terrier
620,./data/train/rocking_chair/n04099969_7573.JPEG,rocking_chair
621,./data/train/rocking_chair/n04099969_8873.JPEG,rocking_chair
622,./data/train/rocking_chair/n04099969_13491.JPEG,rocking_chair
623,./data/train/rocking_chair/n04099969_499.JPEG,rocking_chair
624,./data/train/rocking_chair/n04099969_875.JPEG,rocking_chair
625,./data/train/rocking_chair/n04099969_56024.JPEG,rocking_chair
626,./data/train/rocking_chair/n04099969_3551.JPEG,rocking_chair
627,./data/train/rocking_chair/n04099969_8922.JPEG,rocking_chair
628,./data/train/rocking_chair/n04099969_594.JPEG,rocking_chair
629,./data/train/rocking_chair/n04099969_6704.JPEG,rocking_chair
630,./data/train/conch/n01943899_25636.JPEG,conch
631,./data/train/conch/n01943899_9228.JPEG,conch
632,./data/train/conch/n01943899_8645.JPEG,conch
633,./data/train/conch/n01943899_21809.JPEG,conch
634,./data/train/conch/n01943899_798.JPEG,conch
635,./data/train/conch/n01943899_15897.JPEG,conch
636,./data/train/conch/n01943899_29692.JPEG,conch
637,./data/train/conch/n01943899_24635.JPEG,conch
638,./data/train/conch/n01943899_31504.JPEG,conch
639,./data/train/conch/n01943899_20930.JPEG,conch
640,./data/train/goldfish/n01443537_1415.JPEG,goldfish
641,./data/train/goldfish/n01443537_2637.JPEG,goldfish
642,./data/train/goldfish/n01443537_19638.JPEG,goldfish
643,./data/train/goldfish/n01443537_2819.JPEG,goldfish
644,./data/train/goldfish/n01443537_13189.JPEG,goldfish
645,./data/train/goldfish/n01443537_6743.JPEG,goldfish
646,./data/train/goldfish/n01443537_9816.JPEG,goldfish
647,./data/train/goldfish/n01443537_7751.JPEG,goldfish
648,./data/train/goldfish/n01443537_1903.JPEG,goldfish
649,./data/train/goldfish/n01443537_7376.JPEG,goldfish
650,./data/train/pinwheel/n03944341_11616.JPEG,pinwheel
651,./data/train/pinwheel/n03944341_8459.JPEG,pinwheel
652,./data/train/pinwheel/n03944341_26420.JPEG,pinwheel
653,./data/train/pinwheel/n03944341_10404.JPEG,pinwheel
654,./data/train/pinwheel/n03944341_8927.JPEG,pinwheel
655,./data/train/pinwheel/n03944341_3596.JPEG,pinwheel
656,./data/train/pinwheel/n03944341_12662.JPEG,pinwheel
657,./data/train/pinwheel/n03944341_23306.JPEG,pinwheel
658,./data/train/pinwheel/n03944341_8723.JPEG,pinwheel
659,./data/train/pinwheel/n03944341_20143.JPEG,pinwheel
660,./data/train/flamingo/n02007558_20648.JPEG,flamingo
661,./data/train/flamingo/n02007558_9853.JPEG,flamingo
662,./data/train/flamingo/n02007558_447.JPEG,flamingo
663,./data/train/flamingo/n02007558_21569.JPEG,flamingo
664,./data/train/flamingo/n02007558_20192.JPEG,flamingo
665,./data/train/flamingo/n02007558_12173.JPEG,flamingo
666,./data/train/flamingo/n02007558_851.JPEG,flamingo
667,./data/train/flamingo/n02007558_12417.JPEG,flamingo
668,./data/train/flamingo/n02007558_2788.JPEG,flamingo
669,./data/train/flamingo/n02007558_22601.JPEG,flamingo
670,./data/train/bottlecap/n02877765_2683.JPEG,bottlecap
671,./data/train/bottlecap/n02877765_1596.JPEG,bottlecap
672,./data/train/bottlecap/n02877765_3458.JPEG,bottlecap
673,./data/train/bottlecap/n02877765_15035.JPEG,bottlecap
674,./data/train/bottlecap/n02877765_747.JPEG,bottlecap
675,./data/train/bottlecap/n02877765_5062.JPEG,bottlecap
676,./data/train/bottlecap/n02877765_3444.JPEG,bottlecap
677,./data/train/bottlecap/n02877765_1667.JPEG,bottlecap
678,./data/train/bottlecap/n02877765_8325.JPEG,bottlecap
679,./data/train/bottlecap/n02877765_15252.JPEG,bottlecap
680,./data/train/banana/n07753592_16664.JPEG,banana
681,./data/train/banana/n07753592_928.JPEG,banana
682,./data/train/banana/n07753592_6547.JPEG,banana
683,./data/train/banana/n07753592_14549.JPEG,banana
684,./data/train/banana/n07753592_6305.JPEG,banana
685,./data/train/banana/n07753592_5795.JPEG,banana
686,./data/train/banana/n07753592_3043.JPEG,banana
687,./data/train/banana/n07753592_7688.JPEG,banana
688,./data/train/banana/n07753592_18.JPEG,banana
689,./data/train/banana/n07753592_7724.JPEG,banana
690,./data/train/half_track/n03478589_4082.JPEG,half_track
691,./data/train/half_track/n03478589_17043.JPEG,half_track
692,./data/train/half_track/n03478589_18009.JPEG,half_track
693,./data/train/half_track/n03478589_5996.JPEG,half_track
694,./data/train/half_track/n03478589_5494.JPEG,half_track
695,./data/train/half_track/n03478589_1496.JPEG,half_track
696,./data/train/half_track/n03478589_2915.JPEG,half_track
697,./data/train/half_track/n03478589_10611.JPEG,half_track
698,./data/train/half_track/n03478589_1587.JPEG,half_track
699,./data/train/half_track/n03478589_18464.JPEG,half_track
700,./data/train/killer_whale/n02071294_30243.JPEG,killer_whale
701,./data/train/killer_whale/n02071294_4346.JPEG,killer_whale
702,./data/train/killer_whale/n02071294_3626.JPEG,killer_whale
703,./data/train/killer_whale/n02071294_24318.JPEG,killer_whale
704,./data/train/killer_whale/n02071294_282.JPEG,killer_whale
705,./data/train/killer_whale/n02071294_3473.JPEG,killer_whale
706,./data/train/killer_whale/n02071294_2300.JPEG,killer_whale
707,./data/train/killer_whale/n02071294_22428.JPEG,killer_whale
708,./data/train/killer_whale/n02071294_7339.JPEG,killer_whale
709,./data/train/killer_whale/n02071294_263.JPEG,killer_whale
710,./data/train/ram/n02412080_15004.JPEG,ram
711,./data/train/ram/n02412080_17733.JPEG,ram
712,./data/train/ram/n02412080_7360.JPEG,ram
713,./data/train/ram/n02412080_14527.JPEG,ram
714,./data/train/ram/n02412080_14052.JPEG,ram
715,./data/train/ram/n02412080_43949.JPEG,ram
716,./data/train/ram/n02412080_16805.JPEG,ram
717,./data/train/ram/n02412080_60778.JPEG,ram
718,./data/train/ram/n02412080_42757.JPEG,ram
719,./data/train/ram/n02412080_254.JPEG,ram
720,./data/train/traffic_light/n06874185_27019.JPEG,traffic_light
721,./data/train/traffic_light/n06874185_24794.JPEG,traffic_light
722,./data/train/traffic_light/n06874185_46438.JPEG,traffic_light
723,./data/train/traffic_light/n06874185_28879.JPEG,traffic_light
724,./data/train/traffic_light/n06874185_10683.JPEG,traffic_light
725,./data/train/traffic_light/n06874185_15185.JPEG,traffic_light
726,./data/train/traffic_light/n06874185_41952.JPEG,traffic_light
727,./data/train/traffic_light/n06874185_5700.JPEG,traffic_light
728,./data/train/traffic_light/n06874185_9917.JPEG,traffic_light
729,./data/train/traffic_light/n06874185_23893.JPEG,traffic_light
730,./data/train/tiger_cat/n02123159_509.JPEG,tiger_cat
731,./data/train/tiger_cat/n02123159_6064.JPEG,tiger_cat
732,./data/train/tiger_cat/n02123159_7386.JPEG,tiger_cat
733,./data/train/tiger_cat/n02123159_5205.JPEG,tiger_cat
734,./data/train/tiger_cat/n02123159_6208.JPEG,tiger_cat
735,./data/train/tiger_cat/n02123159_4249.JPEG,tiger_cat
736,./data/train/tiger_cat/n02123159_1389.JPEG,tiger_cat
737,./data/train/tiger_cat/n02123159_2317.JPEG,tiger_cat
738,./data/train/tiger_cat/n02123159_6503.JPEG,tiger_cat
739,./data/train/tiger_cat/n02123159_6104.JPEG,tiger_cat
740,./data/train/African_crocodile/n01697457_18587.JPEG,African_crocodile
741,./data/train/African_crocodile/n01697457_104.JPEG,African_crocodile
742,./data/train/African_crocodile/n01697457_85.JPEG,African_crocodile
743,./data/train/African_crocodile/n01697457_260.JPEG,African_crocodile
744,./data/train/African_crocodile/n01697457_14906.JPEG,African_crocodile
745,./data/train/African_crocodile/n01697457_10393.JPEG,African_crocodile
746,./data/train/African_crocodile/n01697457_5586.JPEG,African_crocodile
747,./data/train/African_crocodile/n01697457_8331.JPEG,African_crocodile
748,./data/train/African_crocodile/n01697457_8136.JPEG,African_crocodile
749,./data/train/African_crocodile/n01697457_1331.JPEG,African_crocodile
750,./data/train/turnstile/n04501370_448.JPEG,turnstile
751,./data/train/turnstile/n04501370_7431.JPEG,turnstile
752,./data/train/turnstile/n04501370_13336.JPEG,turnstile
753,./data/train/turnstile/n04501370_2767.JPEG,turnstile
754,./data/train/turnstile/n04501370_3474.JPEG,turnstile
755,./data/train/turnstile/n04501370_836.JPEG,turnstile
756,./data/train/turnstile/n04501370_15603.JPEG,turnstile
757,./data/train/turnstile/n04501370_6920.JPEG,turnstile
758,./data/train/turnstile/n04501370_1869.JPEG,turnstile
759,./data/train/turnstile/n04501370_576.JPEG,turnstile
760,./data/train/red-backed_sandpiper/n02027492_10068.JPEG,red-backed_sandpiper
761,./data/train/red-backed_sandpiper/n02027492_5299.JPEG,red-backed_sandpiper
762,./data/train/red-backed_sandpiper/n02027492_3063.JPEG,red-backed_sandpiper
763,./data/train/red-backed_sandpiper/n02027492_5565.JPEG,red-backed_sandpiper
764,./data/train/red-backed_sandpiper/n02027492_7527.JPEG,red-backed_sandpiper
765,./data/train/red-backed_sandpiper/n02027492_3159.JPEG,red-backed_sandpiper
766,./data/train/red-backed_sandpiper/n02027492_2371.JPEG,red-backed_sandpiper
767,./data/train/red-backed_sandpiper/n02027492_4687.JPEG,red-backed_sandpiper
768,./data/train/red-backed_sandpiper/n02027492_361.JPEG,red-backed_sandpiper
769,./data/train/red-backed_sandpiper/n02027492_5055.JPEG,red-backed_sandpiper
770,./data/train/typewriter_keyboard/n04505470_510.JPEG,typewriter_keyboard
771,./data/train/typewriter_keyboard/n04505470_3558.JPEG,typewriter_keyboard
772,./data/train/typewriter_keyboard/n04505470_5019.JPEG,typewriter_keyboard
773,./data/train/typewriter_keyboard/n04505470_3207.JPEG,typewriter_keyboard
774,./data/train/typewriter_keyboard/n04505470_2093.JPEG,typewriter_keyboard
775,./data/train/typewriter_keyboard/n04505470_4507.JPEG,typewriter_keyboard
776,./data/train/typewriter_keyboard/n04505470_387.JPEG,typewriter_keyboard
777,./data/train/typewriter_keyboard/n04505470_7201.JPEG,typewriter_keyboard
778,./data/train/typewriter_keyboard/n04505470_1777.JPEG,typewriter_keyboard
779,./data/train/typewriter_keyboard/n04505470_4976.JPEG,typewriter_keyboard
780,./data/train/remote_control/n04074963_2965.JPEG,remote_control
781,./data/train/remote_control/n04074963_6596.JPEG,remote_control
782,./data/train/remote_control/n04074963_150.JPEG,remote_control
783,./data/train/remote_control/n04074963_33135.JPEG,remote_control
784,./data/train/remote_control/n04074963_15428.JPEG,remote_control
785,./data/train/remote_control/n04074963_2964.JPEG,remote_control
786,./data/train/remote_control/n04074963_2601.JPEG,remote_control
787,./data/train/remote_control/n04074963_14454.JPEG,remote_control
788,./data/train/remote_control/n04074963_2858.JPEG,remote_control
789,./data/train/remote_control/n04074963_15421.JPEG,remote_control
790,./data/train/car_mirror/n02965783_1638.JPEG,car_mirror
791,./data/train/car_mirror/n02965783_1577.JPEG,car_mirror
792,./data/train/car_mirror/n02965783_2926.JPEG,car_mirror
793,./data/train/car_mirror/n02965783_4855.JPEG,car_mirror
794,./data/train/car_mirror/n02965783_4476.JPEG,car_mirror
795,./data/train/car_mirror/n02965783_6075.JPEG,car_mirror
796,./data/train/car_mirror/n02965783_5772.JPEG,car_mirror
797,./data/train/car_mirror/n02965783_4616.JPEG,car_mirror
798,./data/train/car_mirror/n02965783_1969.JPEG,car_mirror
799,./data/train/car_mirror/n02965783_1938.JPEG,car_mirror
800,./data/train/strainer/n04332243_12988.JPEG,strainer
801,./data/train/strainer/n04332243_4123.JPEG,strainer
802,./data/train/strainer/n04332243_27400.JPEG,strainer
803,./data/train/strainer/n04332243_24934.JPEG,strainer
804,./data/train/strainer/n04332243_2338.JPEG,strainer
805,./data/train/strainer/n04332243_8154.JPEG,strainer
806,./data/train/strainer/n04332243_1215.JPEG,strainer
807,./data/train/strainer/n04332243_16935.JPEG,strainer
808,./data/train/strainer/n04332243_36664.JPEG,strainer
809,./data/train/strainer/n04332243_242.JPEG,strainer
810,./data/train/triceratops/n01704323_9059.JPEG,triceratops
811,./data/train/triceratops/n01704323_1380.JPEG,triceratops
812,./data/train/triceratops/n01704323_2521.JPEG,triceratops
813,./data/train/triceratops/n01704323_541.JPEG,triceratops
814,./data/train/triceratops/n01704323_2435.JPEG,triceratops
815,./data/train/triceratops/n01704323_1569.JPEG,triceratops
816,./data/train/triceratops/n01704323_2070.JPEG,triceratops
817,./data/train/triceratops/n01704323_1741.JPEG,triceratops
818,./data/train/triceratops/n01704323_3296.JPEG,triceratops
819,./data/train/triceratops/n01704323_1190.JPEG,triceratops
820,./data/train/mixing_bowl/n03775546_1526.JPEG,mixing_bowl
821,./data/train/mixing_bowl/n03775546_8079.JPEG,mixing_bowl
822,./data/train/mixing_bowl/n03775546_6620.JPEG,mixing_bowl
823,./data/train/mixing_bowl/n03775546_18805.JPEG,mixing_bowl
824,./data/train/mixing_bowl/n03775546_8809.JPEG,mixing_bowl
825,./data/train/mixing_bowl/n03775546_3108.JPEG,mixing_bowl
826,./data/train/mixing_bowl/n03775546_8533.JPEG,mixing_bowl
827,./data/train/mixing_bowl/n03775546_17054.JPEG,mixing_bowl
828,./data/train/mixing_bowl/n03775546_2583.JPEG,mixing_bowl
829,./data/train/mixing_bowl/n03775546_14407.JPEG,mixing_bowl
830,./data/train/Afghan_hound/n02088094_5532.JPEG,Afghan_hound
831,./data/train/Afghan_hound/n02088094_2164.JPEG,Afghan_hound
832,./data/train/Afghan_hound/n02088094_6565.JPEG,Afghan_hound
833,./data/train/Afghan_hound/n02088094_9175.JPEG,Afghan_hound
834,./data/train/Afghan_hound/n02088094_1045.JPEG,Afghan_hound
835,./data/train/Afghan_hound/n02088094_3882.JPEG,Afghan_hound
836,./data/train/Afghan_hound/n02088094_14463.JPEG,Afghan_hound
837,./data/train/Afghan_hound/n02088094_7360.JPEG,Afghan_hound
838,./data/train/Afghan_hound/n02088094_5911.JPEG,Afghan_hound
839,./data/train/Afghan_hound/n02088094_6533.JPEG,Afghan_hound
840,./data/train/measuring_cup/n03733805_13682.JPEG,measuring_cup
841,./data/train/measuring_cup/n03733805_22869.JPEG,measuring_cup
842,./data/train/measuring_cup/n03733805_10697.JPEG,measuring_cup
843,./data/train/measuring_cup/n03733805_14529.JPEG,measuring_cup
844,./data/train/measuring_cup/n03733805_6166.JPEG,measuring_cup
845,./data/train/measuring_cup/n03733805_5076.JPEG,measuring_cup
846,./data/train/measuring_cup/n03733805_4686.JPEG,measuring_cup
847,./data/train/measuring_cup/n03733805_19440.JPEG,measuring_cup
848,./data/train/measuring_cup/n03733805_12951.JPEG,measuring_cup
849,./data/train/measuring_cup/n03733805_3219.JPEG,measuring_cup
850,./data/train/white_stork/n02002556_8984.JPEG,white_stork
851,./data/train/white_stork/n02002556_17393.JPEG,white_stork
852,./data/train/white_stork/n02002556_6322.JPEG,white_stork
853,./data/train/white_stork/n02002556_5511.JPEG,white_stork
854,./data/train/white_stork/n02002556_887.JPEG,white_stork
855,./data/train/white_stork/n02002556_18208.JPEG,white_stork
856,./data/train/white_stork/n02002556_10873.JPEG,white_stork
857,./data/train/white_stork/n02002556_17324.JPEG,white_stork
858,./data/train/white_stork/n02002556_204.JPEG,white_stork
859,./data/train/white_stork/n02002556_7748.JPEG,white_stork
860,./data/train/safety_pin/n04127249_8455.JPEG,safety_pin
861,./data/train/safety_pin/n04127249_3657.JPEG,safety_pin
862,./data/train/safety_pin/n04127249_7477.JPEG,safety_pin
863,./data/train/safety_pin/n04127249_3090.JPEG,safety_pin
864,./data/train/safety_pin/n04127249_1255.JPEG,safety_pin
865,./data/train/safety_pin/n04127249_254.JPEG,safety_pin
866,./data/train/safety_pin/n04127249_4360.JPEG,safety_pin
867,./data/train/safety_pin/n04127249_5909.JPEG,safety_pin
868,./data/train/safety_pin/n04127249_10227.JPEG,safety_pin
869,./data/train/safety_pin/n04127249_1990.JPEG,safety_pin
870,./data/train/basset/n02088238_9900.JPEG,basset
871,./data/train/basset/n02088238_7207.JPEG,basset
872,./data/train/basset/n02088238_7487.JPEG,basset
873,./data/train/basset/n02088238_9162.JPEG,basset
874,./data/train/basset/n02088238_7069.JPEG,basset
875,./data/train/basset/n02088238_10422.JPEG,basset
876,./data/train/basset/n02088238_1203.JPEG,basset
877,./data/train/basset/n02088238_412.JPEG,basset
878,./data/train/basset/n02088238_8466.JPEG,basset
879,./data/train/basset/n02088238_9631.JPEG,basset
880,./data/train/hermit_crab/n01986214_3377.JPEG,hermit_crab
881,./data/train/hermit_crab/n01986214_25178.JPEG,hermit_crab
882,./data/train/hermit_crab/n01986214_12726.JPEG,hermit_crab
883,./data/train/hermit_crab/n01986214_25044.JPEG,hermit_crab
884,./data/train/hermit_crab/n01986214_23891.JPEG,hermit_crab
885,./data/train/hermit_crab/n01986214_16545.JPEG,hermit_crab
886,./data/train/hermit_crab/n01986214_10010.JPEG,hermit_crab
887,./data/train/hermit_crab/n01986214_4117.JPEG,hermit_crab
888,./data/train/hermit_crab/n01986214_4072.JPEG,hermit_crab
889,./data/train/hermit_crab/n01986214_22176.JPEG,hermit_crab
890,./data/train/kit_fox/n02119789_9977.JPEG,kit_fox
891,./data/train/kit_fox/n02119789_2736.JPEG,kit_fox
892,./data/train/kit_fox/n02119789_17624.JPEG,kit_fox
893,./data/train/kit_fox/n02119789_5688.JPEG,kit_fox
894,./data/train/kit_fox/n02119789_11471.JPEG,kit_fox
895,./data/train/kit_fox/n02119789_10086.JPEG,kit_fox
896,./data/train/kit_fox/n02119789_2049.JPEG,kit_fox
897,./data/train/kit_fox/n02119789_14642.JPEG,kit_fox
898,./data/train/kit_fox/n02119789_1147.JPEG,kit_fox
899,./data/train/kit_fox/n02119789_655.JPEG,kit_fox
900,./data/train/flatworm/n01924916_7000.JPEG,flatworm
901,./data/train/flatworm/n01924916_9047.JPEG,flatworm
902,./data/train/flatworm/n01924916_5286.JPEG,flatworm
903,./data/train/flatworm/n01924916_8701.JPEG,flatworm
904,./data/train/flatworm/n01924916_9090.JPEG,flatworm
905,./data/train/flatworm/n01924916_8375.JPEG,flatworm
906,./data/train/flatworm/n01924916_9061.JPEG,flatworm
907,./data/train/flatworm/n01924916_63.JPEG,flatworm
908,./data/train/flatworm/n01924916_8982.JPEG,flatworm
909,./data/train/flatworm/n01924916_4424.JPEG,flatworm
910,./data/train/trilobite/n01768244_950.JPEG,trilobite
911,./data/train/trilobite/n01768244_9274.JPEG,trilobite
912,./data/train/trilobite/n01768244_9949.JPEG,trilobite
913,./data/train/trilobite/n01768244_1428.JPEG,trilobite
914,./data/train/trilobite/n01768244_5666.JPEG,trilobite
915,./data/train/trilobite/n01768244_2809.JPEG,trilobite
916,./data/train/trilobite/n01768244_4216.JPEG,trilobite
917,./data/train/trilobite/n01768244_301.JPEG,trilobite
918,./data/train/trilobite/n01768244_1487.JPEG,trilobite
919,./data/train/trilobite/n01768244_8042.JPEG,trilobite
920,./data/train/horizontal_bar/n03535780_22725.JPEG,horizontal_bar
921,./data/train/horizontal_bar/n03535780_40969.JPEG,horizontal_bar
922,./data/train/horizontal_bar/n03535780_3870.JPEG,horizontal_bar
923,./data/train/horizontal_bar/n03535780_16077.JPEG,horizontal_bar
924,./data/train/horizontal_bar/n03535780_42746.JPEG,horizontal_bar
925,./data/train/horizontal_bar/n03535780_36211.JPEG,horizontal_bar
926,./data/train/horizontal_bar/n03535780_15546.JPEG,horizontal_bar
927,./data/train/horizontal_bar/n03535780_43973.JPEG,horizontal_bar
928,./data/train/horizontal_bar/n03535780_18270.JPEG,horizontal_bar
929,./data/train/horizontal_bar/n03535780_41906.JPEG,horizontal_bar
930,./data/train/electric_locomotive/n03272562_8598.JPEG,electric_locomotive
931,./data/train/electric_locomotive/n03272562_6528.JPEG,electric_locomotive
932,./data/train/electric_locomotive/n03272562_2727.JPEG,electric_locomotive
933,./data/train/electric_locomotive/n03272562_3996.JPEG,electric_locomotive
934,./data/train/electric_locomotive/n03272562_6933.JPEG,electric_locomotive
935,./data/train/electric_locomotive/n03272562_8383.JPEG,electric_locomotive
936,./data/train/electric_locomotive/n03272562_1737.JPEG,electric_locomotive
937,./data/train/electric_locomotive/n03272562_8485.JPEG,electric_locomotive
938,./data/train/electric_locomotive/n03272562_265.JPEG,electric_locomotive
939,./data/train/electric_locomotive/n03272562_3816.JPEG,electric_locomotive
940,./data/train/police_van/n03977966_72690.JPEG,police_van
941,./data/train/police_van/n03977966_40810.JPEG,police_van
942,./data/train/police_van/n03977966_14821.JPEG,police_van
943,./data/train/police_van/n03977966_67883.JPEG,police_van
944,./data/train/police_van/n03977966_44507.JPEG,police_van
945,./data/train/police_van/n03977966_8691.JPEG,police_van
946,./data/train/police_van/n03977966_14167.JPEG,police_van
947,./data/train/police_van/n03977966_11928.JPEG,police_van
948,./data/train/police_van/n03977966_40341.JPEG,police_van
949,./data/train/police_van/n03977966_48980.JPEG,police_van
950,./data/train/warplane/n04552348_24336.JPEG,warplane
951,./data/train/warplane/n04552348_10736.JPEG,warplane
952,./data/train/warplane/n04552348_9726.JPEG,warplane
953,./data/train/warplane/n04552348_12780.JPEG,warplane
954,./data/train/warplane/n04552348_11954.JPEG,warplane
955,./data/train/warplane/n04552348_13334.JPEG,warplane
956,./data/train/warplane/n04552348_2027.JPEG,warplane
957,./data/train/warplane/n04552348_22639.JPEG,warplane
958,./data/train/warplane/n04552348_25299.JPEG,warplane
959,./data/train/warplane/n04552348_16150.JPEG,warplane
960,./data/train/folding_chair/n03376595_19102.JPEG,folding_chair
961,./data/train/folding_chair/n03376595_404.JPEG,folding_chair
962,./data/train/folding_chair/n03376595_1740.JPEG,folding_chair
963,./data/train/folding_chair/n03376595_1881.JPEG,folding_chair
964,./data/train/folding_chair/n03376595_9977.JPEG,folding_chair
965,./data/train/folding_chair/n03376595_12960.JPEG,folding_chair
966,./data/train/folding_chair/n03376595_13927.JPEG,folding_chair
967,./data/train/folding_chair/n03376595_4251.JPEG,folding_chair
968,./data/train/folding_chair/n03376595_4887.JPEG,folding_chair
969,./data/train/folding_chair/n03376595_6691.JPEG,folding_chair
970,./data/train/cuirass/n03146219_3590.JPEG,cuirass
971,./data/train/cuirass/n03146219_15923.JPEG,cuirass
972,./data/train/cuirass/n03146219_208.JPEG,cuirass
973,./data/train/cuirass/n03146219_32473.JPEG,cuirass
974,./data/train/cuirass/n03146219_4528.JPEG,cuirass
975,./data/train/cuirass/n03146219_11082.JPEG,cuirass
976,./data/train/cuirass/n03146219_4538.JPEG,cuirass
977,./data/train/cuirass/n03146219_7081.JPEG,cuirass
978,./data/train/cuirass/n03146219_13529.JPEG,cuirass
979,./data/train/cuirass/n03146219_3149.JPEG,cuirass
980,./data/train/bicycle-built-for-two/n02835271_8648.JPEG,bicycle-built-for-two
981,./data/train/bicycle-built-for-two/n02835271_13756.JPEG,bicycle-built-for-two
982,./data/train/bicycle-built-for-two/n02835271_11697.JPEG,bicycle-built-for-two
983,./data/train/bicycle-built-for-two/n02835271_10390.JPEG,bicycle-built-for-two
984,./data/train/bicycle-built-for-two/n02835271_10931.JPEG,bicycle-built-for-two
985,./data/train/bicycle-built-for-two/n02835271_4667.JPEG,bicycle-built-for-two
986,./data/train/bicycle-built-for-two/n02835271_6094.JPEG,bicycle-built-for-two
987,./data/train/bicycle-built-for-two/n02835271_4313.JPEG,bicycle-built-for-two
988,./data/train/bicycle-built-for-two/n02835271_21974.JPEG,bicycle-built-for-two
989,./data/train/bicycle-built-for-two/n02835271_1311.JPEG,bicycle-built-for-two
990,./data/train/loudspeaker/n03691459_40992.JPEG,loudspeaker
991,./data/train/loudspeaker/n03691459_8520.JPEG,loudspeaker
992,./data/train/loudspeaker/n03691459_78054.JPEG,loudspeaker
993,./data/train/loudspeaker/n03691459_11843.JPEG,loudspeaker
994,./data/train/loudspeaker/n03691459_20532.JPEG,loudspeaker
995,./data/train/loudspeaker/n03691459_64837.JPEG,loudspeaker
996,./data/train/loudspeaker/n03691459_58288.JPEG,loudspeaker
997,./data/train/loudspeaker/n03691459_68783.JPEG,loudspeaker
998,./data/train/loudspeaker/n03691459_15367.JPEG,loudspeaker
999,./data/train/loudspeaker/n03691459_77818.JPEG,loudspeaker
